,_id,tokenId,owner,status,episode
0,60bf87b14892ca004c9d4184,ui52aq9uw31mr158ry4au6y4ybcjegsm62c324435wkoepw09lpco2dr220rlcay,60be2d9d6a90b5004d9d6a1b,public,60be53afb7b6f7004cadcc46
1,60bf87b14892ca004c9d4185,uyfobmbi1685ydyju90cmyzrki17yrchu7gdlktr5ysv7yvlequ54fnyd2bqvkw7,60be2d9d6a90b5004d9d6a1a,public,60be53afb7b6f7004cadcc4a
2,60bf87b14892ca004c9d4186,dg9c1j7pjgc8m9rtzxrbzov3ne1t81q2wagmwcb6f1msts93021idvudmx1l06ch,60be2d9d6a90b5004d9d6a1a,public,60be53afb7b6f7004cadcc4a
3,60bf87b14892ca004c9d4187,6qrbx7bpr8lqw8k1wc9vz84e552hym9kov8da818vxtv2l8dorfsledviycsf1cp,60be2d9d6a90b5004d9d6a1a,public,60be53afb7b6f7004cadcc4a
4,60bf87b14892ca004c9d4188,alog9xwcllbrst2jh83m1g8csr1ozp6yl2wrayi0t9jcvpgolb9amsbbtiaoim12,60be2d9d6a90b5004d9d6a1a,public,60be53afb7b6f7004cadcc4a
5,60bf87b14892ca004c9d4189,tsgpgb6juj9qvfwvemrkicg8zkyhs4cjn95qp85w7l5oerupl7e2fi5flthpxajb,60be2d9d6a90b5004d9d6a1a,public,60be53afb7b6f7004cadcc4a
6,60bf87b14892ca004c9d418a,qf9tdd23216wzf233dc85qk2997hzo42zgb9jihj9h79tpftz1amznkepv34un5r,60be2d9d6a90b5004d9d6a19,public,60be53afb7b6f7004cadcc4b
7,60bf87b14892ca004c9d418b,52800pt1pheszukyng83pc0skjk5c507z617xhd1uqvpt3s1v32oaq0blrn8i85u,60be2d9d6a90b5004d9d6a1b,public,60be53afb7b6f7004cadcc4b
8,60bf87b14892ca004c9d418c,g03bd9nwbdsyyr30of6wrblagqrpfcd6xhqjrmai80kck5k7j7rjzs8jb8pow2tx,60be2d9d6a90b5004d9d6a1b,public,60be53afb7b6f7004cadcc4b
9,60bf87b14892ca004c9d418d,fvsfpm4oe07epdfshjvg70zwm0tq1ocqu35aj6vympwehkk3wtqmz40l61yyisdk,60be2d9d6a90b5004d9d6a1b,public,60be53afb7b6f7004cadcc4b
10,60bf87b14892ca004c9d418e,vjfmc6a84ogbhwyg5o8qjylpgi5e6rmfwslcya54gkmsvz61ia7wymu4v88hg8kh,60be2d9d6a90b5004d9d6a1b,public,60be53afb7b6f7004cadcc4b
11,60bf87b14892ca004c9d418f,h15xgc0r5l4hvk5pcb4qtgo4is518tdzhbsmqvljbjiqb6pd7rioo6e5qtypqie7,60be2d9d6a90b5004d9d6a1b,public,60be53afb7b6f7004cadcc4c
12,60bf87b14892ca004c9d4190,5clouxmud62tr94ppuag8yfz5w7r5qi5bd960qveekjkeafzuvlw63fetlbgpcq8,60be2d9d6a90b5004d9d6a1b,public,60be53afb7b6f7004cadcc4c
13,60bf87b14892ca004c9d4191,awowvvf9j79nrap3fi29td2kz3to3w30utana92yti25b2fctr8rfnehe0u4rzin,60be2d9d6a90b5004d9d6a1b,public,60be53afb7b6f7004cadcc4c
14,60bf87b14892ca004c9d4192,bwmwfag90fds9j1vjkejj9e73jcozpw4kkr3fikou2tbdnxoq5s3aox22xh0shuo,60be2d9d6a90b5004d9d6a1b,public,60be53afb7b6f7004cadcc4c
15,60bf87b14892ca004c9d4193,opw7qm2uejpih0fe5m5jpzytvb03kcjgs4zw41n5qrdf34dvecg5a5zmblvc76o1,60be2d9d6a90b5004d9d6a1b,public,60be53afb7b6f7004cadcc4c
16,60bf87b14892ca004c9d4194,my499mfze3uxwt9gqdnej4f7q4gctx7l904e5xgpvux21ezr8gxeu9h6d7ohcmfi,60be2d9d6a90b5004d9d6a1b,public,60be53afb7b6f7004cadcc4d
17,60bf87b14892ca004c9d4195,0k3h8fl4hctx3gx1o2orrd0k1b8wpdnc6js1io8cm8vucdv9ziipfvxdl2v7mnlj,60be2d9d6a90b5004d9d6a1b,public,60be53afb7b6f7004cadcc4d
18,60bf87b14892ca004c9d4196,5rxfn6sxi2pl0ufrlsjl5mexivdmo0awxk624lh2ejmx5n4jf236gad0cc84auap,60be2d9d6a90b5004d9d6a1b,public,60be53afb7b6f7004cadcc4d
19,60bf87b14892ca004c9d4197,4tf9xlc7cjzkbr2s9ckywjqksfvqylizeob09mco882usfeqt2s26itnyhw5tf8g,60be2d9d6a90b5004d9d6a1b,public,60be53afb7b6f7004cadcc4d
20,60bf87b14892ca004c9d4198,tss7eaq3msfugtcri32klf17saxevtcg5bj019fkq9hv70yj15lqsxku119ffox3,60be2d9d6a90b5004d9d6a1b,public,60be53afb7b6f7004cadcc4d
21,60bf87b14892ca004c9d4199,44gc3bm7wpt5vz989do221k0r0rc5di4q22p1ye9o176p528tquoiyc725b8p83x,60be2d9d6a90b5004d9d6a1b,public,60be53afb7b6f7004cadcc4e
22,60bf87b14892ca004c9d419a,79tah82b0unz5iq5z1zw9l1ljizhm16jsevh8b1x2bzommze8nc2ajp4yhvpnlyo,60be2d9d6a90b5004d9d6a1b,public,60be53afb7b6f7004cadcc4f
23,60bf87b14892ca004c9d419b,sp86ib1celyrx92n0csqofxblxbcc5vnno7qckec87n0vh7yeb41u1fsjsyy2hze,60be2d9d6a90b5004d9d6a1b,public,60be53afb7b6f7004cadcc47
24,60bf87b14892ca004c9d419c,iuo05cmzmtxwlw3n5idc1yx0mgkz4gqhr4wpgxhd5hm1w5qdf091zjh6nhufsuoz,60be2d9d6a90b5004d9d6a1b,public,60be53afb7b6f7004cadcc48
25,60bf87b14892ca004c9d419d,c91rs3toz3jo4lv0d86s08844h3d1wrk0dnxdbbcmteqxy4ibprcqvkmyb2updte,60be2d9d6a90b5004d9d6a19,public,60be53afb7b6f7004cadcc49
26,60bf87b14892ca004c9d419e,41u39rfvb49qvumbsmvi8xjihochmk4gwu71wspud2y3l1oeu8rqlwnk59evhzxx,60be2d9d6a90b5004d9d6a1b,unpublic,60be53afb7b6f7004cadcc49
27,60bf87b14892ca004c9d419f,01xssx2ojzdzzuf19j8u9x1q3n6rif8dddq4srqr1yqjofku1354vj4cd0jkzhho,60be2d9d6a90b5004d9d6a1b,unpublic,60be53afb7b6f7004cadcc49
28,60bf87b14892ca004c9d41a0,quc3fkftxc9v3f8a9u6dwyofe5l2e2biubhgm9jpvdh9ykrlf5ssbn6wqxtwyoz4,60be2d9d6a90b5004d9d6a1b,unpublic,60be53afb7b6f7004cadcc49
29,60bf87b14892ca004c9d41a1,7it43kw5b6tvqasna847aueg8zuwzswaujlc5i7rp7zma6krf40ax9tti2xhsg24,60be2d9d6a90b5004d9d6a1b,unpublic,60be53afb7b6f7004cadcc49
30,60bf87b14892ca004c9d41a2,8w34jp7tzh9mp0nyt1n10bfmjz8tq6pg7j7lm3rz2n7w9laoqfwhx4s0eb7lwswx,60be2d9d6a90b5004d9d6a1b,public,60be53b0b7b6f7004cadcc50
31,60bf87b14892ca004c9d41a3,7vhroj7pr3o3rm7vdpfx5jvwnbqch59vjgmjd794nug8e287s13z171f2kme1qla,60be2d9d6a90b5004d9d6a1b,public,60be53b0b7b6f7004cadcc50
32,60bf87b14892ca004c9d41a4,zm48s1b8opf3wliorbxz5835p5mtedvoquymznrz7kai8uyoadeaiep7a29ba8r2,60be2d9d6a90b5004d9d6a1b,public,60be53b0b7b6f7004cadcc50
33,60bf87b14892ca004c9d41a5,b8ky09vhccbz441uczdyfnrkaouag0kxfviemo8dzp5ef15zm8izpgm1ppu4g5zr,60be2d9d6a90b5004d9d6a1b,public,60be53b0b7b6f7004cadcc50
34,60bf87b14892ca004c9d41a6,fx6tfhsnhm2kspyydgsxq9ezqm9mpxjyq0ygvndzund36zuztvxqnutio83ell41,60be2d9d6a90b5004d9d6a1b,public,60be53b0b7b6f7004cadcc50
35,60bf87b14892ca004c9d41a7,beewtnrcfzyup0qtijzqmda1pjlchsgyj614i4bfvrek0t5p6syrxptr94dvasqj,60be2d9d6a90b5004d9d6a1b,public,60be53b0b7b6f7004cadcc51
36,60bf87b14892ca004c9d41a8,afk1h1butctgv9gyv61ykinn5dmikmpz99o3hudoe19j00tkrt8ppi8vqzwoj81z,60be2d9d6a90b5004d9d6a1b,public,60be53b0b7b6f7004cadcc51
37,60bf87b14892ca004c9d41a9,zxel0l8ekum5fg9tzr25tfpwa7k2dntgbfxdu6l6q3rqh58d4osuj8h9j8p5uznm,60be2d9d6a90b5004d9d6a1b,public,60be53b0b7b6f7004cadcc51
38,60bf87b14892ca004c9d41aa,7sxykfllsqbzvp5ggstj6959rcjbzczv2s89nkod9higltcq3362md5emdiwqg0w,60be2d9d6a90b5004d9d6a1b,public,60be53b0b7b6f7004cadcc51
39,60bf87b14892ca004c9d41ab,pqd6yo2em2q8qu3ifkw3xiu0zua4kalammjc15dgzrz7iawf2xab93d77058nmcf,60be2d9d6a90b5004d9d6a1b,public,60be53b0b7b6f7004cadcc51
40,60bf87b14892ca004c9d41ac,fm7qenoe6hkoy4s0jt1e473wdq3jmcrx8rrt9meweh3peoatdp2bkk3xpwda69nw,60be2d9d6a90b5004d9d6a19,public,60be53b0b7b6f7004cadcc52
41,60bf87b14892ca004c9d41ad,c9crn1bqy9c057uwtun6fqkhp6o9en8vx537ofqzp1yqozn7279bhvgkg4xl83q4,60be2d9d6a90b5004d9d6a1b,public,60be53b0b7b6f7004cadcc52
42,60bf87b14892ca004c9d41ae,ba1umbmas2v1oqd0n6x74hl4md9gz3ws1gl0bhh97rahq9lyb1i22t8hkcsj3j00,60be2d9d6a90b5004d9d6a1b,public,60be53b0b7b6f7004cadcc52
43,60bf87b14892ca004c9d41af,q3clk4sbczuxryrzbi6oc7ponb06vjk3jyqw8hp9mpee6siulf50ut28427tuj1a,60be2d9d6a90b5004d9d6a1b,public,60be53b0b7b6f7004cadcc52
44,60bf87b14892ca004c9d41b0,d90fxos5k24y1r7zzrebas0o15pyiqg293ga4uhduakz8tg5yqwdjzl8764cyxob,60be2d9d6a90b5004d9d6a1b,public,60be53b0b7b6f7004cadcc52
45,60bf87b14892ca004c9d41b1,jprvt6jn02zt7jr6pkk9bevpfbnh7k92oipzz4pmcrforox3iaehoeawlij2jgzd,60be2d9d6a90b5004d9d6a1a,public,60be53b0b7b6f7004cadcc53
46,60bf87b14892ca004c9d41b2,vikd7yr78h1sm48nurshndhk8kew37v6emh13fqgcxccuwemkkh1bzsr2y1jdoxp,60be2d9d6a90b5004d9d6a1a,public,60be53b0b7b6f7004cadcc53
47,60bf87b14892ca004c9d41b3,6v5mut80qwquaa6vgwdk4hs37zoik854evv5r49ihiwrggc9ogy3lx19hzh6dase,60be2d9d6a90b5004d9d6a1a,public,60be53b0b7b6f7004cadcc53
48,60bf87b14892ca004c9d41b4,z7np69ukp5nnu5h76etd51e36fpes7l0r38uhn2kyvqee7t5yym0n2hzxp64gv2q,60be2d9d6a90b5004d9d6a1a,public,60be53b0b7b6f7004cadcc53
49,60bf87b14892ca004c9d41b5,foollm4wi695wzc0ol238sbm8l6op491faknvfmptar6g7s3t06m9uaunhygdv7h,60be2d9d6a90b5004d9d6a1a,public,60be53b0b7b6f7004cadcc53
50,60bf87b14892ca004c9d41b6,bofo8d8xsmoocklaexaqc4ix5ksympfzn86h1s83zkk565uevy3mb72q1ym9szcu,60be2d9d6a90b5004d9d6a19,public,60be53b0b7b6f7004cadcc54
51,60bf87b14892ca004c9d41b7,fozewsedja306jrx0au4g7q9e97a1imkxppv9x3ad0rznyk66ultovyqquiglcj8,60be2d9d6a90b5004d9d6a1b,unpublic,60be53b0b7b6f7004cadcc54
52,60bf87b14892ca004c9d41b8,qezd3sclmt020lwef534b0i5xrzaenhl5maedjw21fy3ttsuf6etgxg4ocurk3ds,60be2d9d6a90b5004d9d6a1b,unpublic,60be53b0b7b6f7004cadcc54
53,60bf87b14892ca004c9d41b9,eoc6turbqka4vyuw44gmvimamaqqouxtxty7t3hr0a0cbjodk0f9m54oxbnoch84,60be2d9d6a90b5004d9d6a1b,unpublic,60be53b0b7b6f7004cadcc54
54,60bf87b14892ca004c9d41ba,pfgf2nad2zwg2cux9n3cca2bh2cawr2081czqppjox5mnt59yz47gsrkr5dujr7y,60be2d9d6a90b5004d9d6a1b,unpublic,60be53b0b7b6f7004cadcc54
55,60bf87b14892ca004c9d41bb,modn8el67kx5hns9wmhdrnfbae8nldotrcz0w9ogfkofle0oqmojwd5x5p7vbyt3,60be2d9d6a90b5004d9d6a1b,public,60be53b0b7b6f7004cadcc55
56,60bf87b14892ca004c9d41bc,yimazqr5cnc71l81skz7t93qgyfa87ifcomdbdabqtu6eavku2yy3sclh5yfol6n,60be2d9d6a90b5004d9d6a1b,public,60be53b0b7b6f7004cadcc56
57,60bf87b14892ca004c9d41bd,9yrdnkd614vdg2jcqxdvzw3dco7xp6xi1n6ocyxntnmthjaqe0dw2m3vc6by1339,60be2d9d6a90b5004d9d6a1b,public,60be53b0b7b6f7004cadcc57
58,60bf87b14892ca004c9d41be,x78vresboyvnc9rkh4akyr7ok02g705x7d02p0w57w27vq7orrya3kzaf8icfs93,60be2d9d6a90b5004d9d6a1b,public,60be53b0b7b6f7004cadcc57
59,60bf87b14892ca004c9d41bf,65lf92x9txg0vbztlvp2jc9jpoxm156zygjxn0mgtkgfuec4yfln9ww4edfzn4oz,60be2d9d6a90b5004d9d6a1b,public,60be53b0b7b6f7004cadcc57
60,60bf87b14892ca004c9d41c0,4ydzej7gqpce964gop0kfafs448p6xp433g55xewonb43or32cumz2rn980i4k78,60be2d9d6a90b5004d9d6a1b,public,60be53b0b7b6f7004cadcc57
61,60bf87b14892ca004c9d41c1,7mh6dtyvnld9ebwgyp2v14cexl295kkxc9u5wr47al1ogfd83vvy0hiuvayjzsxe,60be2d9d6a90b5004d9d6a1b,public,60be53b0b7b6f7004cadcc57
62,60bf87b14892ca004c9d41c2,3txudfwjdjiw83ru6afuja4kyfcia8mxdocb8594s78mq39879xgp35sjocdejpi,60be2d9d6a90b5004d9d6a1b,public,60be53b0b7b6f7004cadcc58
63,60bf87b14892ca004c9d41c3,y7oe7zd9jrvu4ciw15l8mjprkhz2pmi89rwpqu538d9v0fn7l5mncd2ef1xs9t1q,60be2d9d6a90b5004d9d6a1b,public,60be53b0b7b6f7004cadcc58
64,60bf87b14892ca004c9d41c4,erfnt6ah2dw4xrtg1z2j56z2haim0b3zhx9ya7xdqokl6q5av3tp2lkq0o2e0sf1,60be2d9d6a90b5004d9d6a1b,public,60be53b0b7b6f7004cadcc58
65,60bf87b14892ca004c9d41c5,qwewbc0u8k3yu4pgr9viycol07tyx3wo5v4jt2igehljynravgcbn1pis6hbaglm,60be2d9d6a90b5004d9d6a1b,public,60be53b0b7b6f7004cadcc58
66,60bf87b14892ca004c9d41c6,ovx6323kvab10oi10eaypiej0fxlgfs3w9epwitxg4iw853p8sxdpzutr8m8zojx,60be2d9d6a90b5004d9d6a1b,public,60be53b0b7b6f7004cadcc58
67,60bf87b14892ca004c9d41c7,mv40q9jl3q0qxt5qox0kvgsppnmu3vzmirt22os1p0kwz2nmnn8jizpqdcxvj8ch,60be2d9d6a90b5004d9d6a1b,public,60be53b0b7b6f7004cadcc59
68,60bf87b14892ca004c9d41c8,81edm2xhv9tftdmzium9uckhkxn87qfr8n6rzyvsrgntikhmxq2b7f616vmrkm6j,60be2d9d6a90b5004d9d6a19,public,60be53b0b7b6f7004cadcc5a
69,60bf87b14892ca004c9d41c9,eig1yuxp1c0vhcufgfvwkhroi1lxyaqpv8m1pug84dx70emxqpjph8muaecaa633,60be2d9d6a90b5004d9d6a1b,public,60be53b0b7b6f7004cadcc5a
70,60bf87b14892ca004c9d41ca,1m0zo7ou18mpa0y7ojawjmxu04gigyyuhzbd5xg3conmedt2y60gmubeskh66909,60be2d9d6a90b5004d9d6a1b,public,60be53b0b7b6f7004cadcc5a
71,60bf87b14892ca004c9d41cb,fc93ddubo73i0nwy4g87i23qbstcihdy7gbeyol4sva903y3agqtjgjbwlun443r,60be2d9d6a90b5004d9d6a1b,public,60be53b0b7b6f7004cadcc5a
72,60bf87b14892ca004c9d41cc,fea17k5ouxfc0onph1ou3yech88su245o50fdyxrzqvj53y5yce9lrx0ugy9l2vc,60be2d9d6a90b5004d9d6a1b,public,60be53b0b7b6f7004cadcc5a
73,60bf87b14892ca004c9d41cd,unojsscsw4m9zukgkp3nqqrnkh7w0hftogynob0idnm9yxqbj45zz38akzq8jlwb,60be2d9d6a90b5004d9d6a1a,public,60be53b0b7b6f7004cadcc5b
74,60bf87b14892ca004c9d41ce,oikahvw2pj6yf71oumqnafv31e98xzfudy423cx58vrsgpok0g5lar9ln8nnj966,60be2d9d6a90b5004d9d6a1a,public,60be53b0b7b6f7004cadcc5b
75,60bf87b14892ca004c9d41cf,jpf1r5wo57335k446n6kykqo3p47r3cjd0znltmgbfqt7anon2t6m7glft7w4jvy,60be2d9d6a90b5004d9d6a1a,public,60be53b0b7b6f7004cadcc5b
76,60bf87b14892ca004c9d41d0,vnfu0ehav2p8szva5t9fy29vqz5yomrtif0p0ku88k9c78ddtskwrh7vz39qrg0k,60be2d9d6a90b5004d9d6a1a,public,60be53b0b7b6f7004cadcc5b
77,60bf87b14892ca004c9d41d1,bif6vwiczftw9uh7mlxbs86m56s8xx5fnif0m5qbnzu7xdcf5qe470s4imssosgy,60be2d9d6a90b5004d9d6a1a,public,60be53b0b7b6f7004cadcc5b
78,60bf87b14892ca004c9d41d2,z9fgtys3inpxjvc4mjvvvjxku2cjr8irzd84clg0ek034jqyppov0tt1zvr38if7,60be2d9d6a90b5004d9d6a19,public,60be53b0b7b6f7004cadcc5c
79,60bf87b14892ca004c9d41d3,mc0vfw3if9b61o3bse5dlpvn4mawfn93xm50hhkt6jvxuufr9ke2zzjip4oi6o2s,60be2d9d6a90b5004d9d6a1b,unpublic,60be53b0b7b6f7004cadcc5c
80,60bf87b14892ca004c9d41d4,48vl3pn4q9wajd4gl53on7y06kkpo306ildpwsvwr6bb95vhpowv7i4bxrufmfq2,60be2d9d6a90b5004d9d6a1b,unpublic,60be53b0b7b6f7004cadcc5c
81,60bf87b14892ca004c9d41d5,fs691b9001ggg79icbjaby2sldcpnely0w2knrewmj01m6u0e2yvsgq3va1d6q30,60be2d9d6a90b5004d9d6a1b,unpublic,60be53b0b7b6f7004cadcc5c
82,60bf87b14892ca004c9d41d6,7n9o3xy3dsb39ysbwqn3ggz4k99q2mj3mf3nb40qk0rasdxhfpncw0z3jw2kps6r,60be2d9d6a90b5004d9d6a1b,unpublic,60be53b0b7b6f7004cadcc5c
83,60bf87b14892ca004c9d41d7,4yta7t8tttbfjkuoduisq4zieljm1mu0mar3uyct601ukw13oji69pzbjfnjydbc,60be2d9d6a90b5004d9d6a1b,public,60be53b0b7b6f7004cadcc5d
84,60bf87b14892ca004c9d41d8,x4h03448xh4kg9oceartoph08p5tprp0o5ru2nemdcdsg8u6oyb5cag5t2hrjgco,60be2d9d6a90b5004d9d6a1b,public,60be53b0b7b6f7004cadcc5e
85,60bf87b14892ca004c9d41d9,vvtzzgkhjb442fcgwfc529trgscgxtphgh9i3l4a9qgo3grvt15cutrnead8r0ej,60be2d9d6a90b5004d9d6a1b,public,60be53b0b7b6f7004cadcc5f
86,60bf87b14892ca004c9d41da,vgm83gz4bj5gc4h9sv4bdc312hltqbjlcauvgqqfgl0oiwlskrjip69djna0kamq,60be2d9d6a90b5004d9d6a1b,public,60be53b0b7b6f7004cadcc60
87,60bf87b14892ca004c9d41db,t919ztaa39r57pdt4ihc7rd5vk6jk9th7493y99mt2v2rlmyxua3lrr549ianvho,60be2d9d6a90b5004d9d6a1b,public,60be53b0b7b6f7004cadcc60
88,60bf87b14892ca004c9d41dc,r1b734kltad7junbj5h6o3brvv3errsghc6is2n6oysfe1mojufb98s1lo6wnyjs,60be2d9d6a90b5004d9d6a1b,public,60be53b0b7b6f7004cadcc60
89,60bf87b14892ca004c9d41dd,uneobwyi63cjhgpoq6ci0peso6m9c7dlywqg05qvqa0rf2kge64vgjzuo2upwy8e,60be2d9d6a90b5004d9d6a1b,public,60be53b0b7b6f7004cadcc60
90,60bf87b14892ca004c9d41de,4sy35if1hdxsm6fvrip8ap3peop8m4nvcustjre0dutrokt8n7ydpud5ukndt4fi,60be2d9d6a90b5004d9d6a1b,public,60be53b0b7b6f7004cadcc60
91,60bf87b14892ca004c9d41df,pzmubl1n70q6tu4k18zbxqamb48jkmywhln96s23njlfck13gjux5qdvthl5q5rl,60be2d9d6a90b5004d9d6a1b,public,60be53b0b7b6f7004cadcc61
92,60bf87b14892ca004c9d41e0,e4jpsgcfz3ksbmcxfhqmxy2r90hmtd4sb253a0nn99uqotyuow91okbz4d6dqxwi,60be2d9d6a90b5004d9d6a1b,public,60be53b0b7b6f7004cadcc61
93,60bf87b14892ca004c9d41e1,c0loeat35hgzcpg7qkgzwm23apfcvmtak79i9x8go825uzuj3l17whalb2xkuvtl,60be2d9d6a90b5004d9d6a1b,public,60be53b0b7b6f7004cadcc61
94,60bf87b14892ca004c9d41e2,rxgzju2f0krued02xit6p5ggy2ec921sc9ltxjrxbajbsppg6h74lj7ji2mls58l,60be2d9d6a90b5004d9d6a1b,public,60be53b0b7b6f7004cadcc61
95,60bf87b14892ca004c9d41e3,bf19lj9kpc6no5c16xykg660nsfecx85zpe9stzf7k3z5sd5tevd742ebz0cyhvk,60be2d9d6a90b5004d9d6a1b,public,60be53b0b7b6f7004cadcc61
96,60bf87b14892ca004c9d41e4,3w02twlu4n7bev5m81wu3hdpzf5ty6ma43ijv616mi3ulx5u9auplfta5wrx8zhr,60be2d9d6a90b5004d9d6a1a,public,60be53b0b7b6f7004cadcc62
97,60bf87b14892ca004c9d41e5,220gnq9rrq0kq71dot6ci8mhio846knj4x1ul5w1yu6q18upwljxyms0bzxn3ukh,60be2d9d6a90b5004d9d6a1a,public,60be53b0b7b6f7004cadcc62
98,60bf87b14892ca004c9d41e6,u8pdce599ppdd19wf9pheg5lzbe90ve2a7eu4ia1mrkape09b07zyskqh55foxhq,60be2d9d6a90b5004d9d6a1a,public,60be53b0b7b6f7004cadcc62
99,60bf87b14892ca004c9d41e7,c2qhwcv9mxjikr9ffk2znl1s2bzi90elrgxduegg6pexspkfcs4v3wvubai1ifb3,60be2d9d6a90b5004d9d6a1a,public,60be53b0b7b6f7004cadcc62
100,60bf87b14892ca004c9d41e8,y7ewu9357dnqo6bl0wirgj98lab5ddyhp1ujyarzqpas11jyhna84h9ezvrflu5s,60be2d9d6a90b5004d9d6a1a,public,60be53b0b7b6f7004cadcc62
101,60bf87b14892ca004c9d41e9,xrgjyzhn8xbgmtytir7wtkdu91jmzazhggoyiu5ezavn79xapcuhwctbf43uccof,60be2d9d6a90b5004d9d6a19,public,60be53b0b7b6f7004cadcc63
102,60bf87b14892ca004c9d41ea,pqh50r0m70q8qtmqruo5q7erds1ewjmspej7sh5gszlvung6z4xdd8xxpjyvbywd,60be2d9d6a90b5004d9d6a1b,unpublic,60be53b0b7b6f7004cadcc63
103,60bf87b14892ca004c9d41eb,kkymfim7oy3w62urut3adzx1soig27947ienij5qad0kq6k3k2oyqbx6wou54pdd,60be2d9d6a90b5004d9d6a1b,unpublic,60be53b0b7b6f7004cadcc63
104,60bf87b14892ca004c9d41ec,ed43tn0khcqabpc6rknjy6y3v0my3u6o48f7roc4tmwnsovlcdydbukxb0yqtvtn,60be2d9d6a90b5004d9d6a1b,unpublic,60be53b0b7b6f7004cadcc63
105,60bf87b14892ca004c9d41ed,768lvdsatfxepgg9nq81t7wfqzl7jewzh0w0n00u8ciifj5utgyxwb1vnog57mal,60be2d9d6a90b5004d9d6a1b,unpublic,60be53b0b7b6f7004cadcc63
106,60bf87b14892ca004c9d41ee,qyruvtwxoc0uxf9g04afaxdd6q3bogmpk7gv4o5g89ypvxxxadqsh6j3b8tlf8y0,60be2d9d6a90b5004d9d6a1b,public,60be53b0b7b6f7004cadcc64
107,60bf87b14892ca004c9d41ef,0l0vb3drsimxmyzyad79551rfo5itcm98kqpksvzuytt6hw7ffrwzpj0kylr8q9x,60be2d9d6a90b5004d9d6a1b,public,60be53b0b7b6f7004cadcc65
108,60bf87b14892ca004c9d41f0,orog6awrjmn8lkwsb65takntra6sj837fzov9d5h0p8h6n61wx7uual1ftfoc6cv,60be2d9d6a90b5004d9d6a1b,public,60be53b0b7b6f7004cadcc66
109,60bf87b14892ca004c9d41f1,yunuv8f4yk14s596ksa8v12rp9n7d72k8fq5hi0geq0vb3r49jufifcyh7m5xsx9,60be2d9d6a90b5004d9d6a1b,public,60be53b0b7b6f7004cadcc67
110,60bf87b14892ca004c9d41f2,03ydasureorx1kfbos2zcobih5wwmxfrfhlodpofxz4al5o58hi2co67w2ib457f,60be2d9d6a90b5004d9d6a1b,public,60be53b0b7b6f7004cadcc67
111,60bf87b14892ca004c9d41f3,bvwoqh818o1en8b86og7qed6ij5rnytlgq48u3ioa0roc22fiiak7mhh1f1e36c1,60be2d9d6a90b5004d9d6a1b,public,60be53b0b7b6f7004cadcc67
112,60bf87b14892ca004c9d41f4,mq05cal8rjy0vqlxwk1wra67956fb3hbkygfndv7mg27678h034mvaa2b13m0sta,60be2d9d6a90b5004d9d6a1b,public,60be53b0b7b6f7004cadcc67
113,60bf87b14892ca004c9d41f5,7y2kvrskg83ush2hu3c05f5tjhj2q79dcnsr2zgivnv0s6txd1g1cwavrs89z0h0,60be2d9d6a90b5004d9d6a1b,public,60be53b0b7b6f7004cadcc67
114,60bf87b14892ca004c9d41f6,fdhab5qd14y37k0muav8q266otcdlgncimkofrzlx2a9if2z6cbzidbllzo2djlx,60be2d9d6a90b5004d9d6a19,public,60be53b0b7b6f7004cadcc68
115,60bf87b14892ca004c9d41f7,4k75u9sbqrh81k961ougkb8y4og3hyra7lg80e19enqv9cl8hb55795z5rhiy8nx,60be2d9d6a90b5004d9d6a1b,public,60be53b0b7b6f7004cadcc68
116,60bf87b14892ca004c9d41f8,zcm5w847lbaiettpa3wfsp5fpbs1dlln8ivs1g3r00iaycpeefgt78pqe0gb1u5q,60be2d9d6a90b5004d9d6a1b,public,60be53b0b7b6f7004cadcc68
117,60bf87b14892ca004c9d41f9,gl00mjreh8yumhjohk00iihxv8wt8uuudqlw6m23fk3qnojaqh57ju0x2qdztsxn,60be2d9d6a90b5004d9d6a1b,public,60be53b0b7b6f7004cadcc68
118,60bf87b14892ca004c9d41fa,wdfr2c8l9vwfe7tp96oqty374tmunrao2ka54fvz8ffbtgs4rr5vdge6fcm5wmet,60be2d9d6a90b5004d9d6a1b,public,60be53b0b7b6f7004cadcc68
119,60bf87b14892ca004c9d41fb,angcv8deou6quzoz8lyej8i9nh28l48tlai82czxbxw75u8x7pic5j8hq5irewoq,60be2d9d6a90b5004d9d6a1b,public,60be53b0b7b6f7004cadcc69
120,60bf87b14892ca004c9d41fc,ux4faba3e9wkzfz3kvqguj5ioub7wjb9n50y531xxjxid1i86gbz22y1geapvh2z,60be2d9d6a90b5004d9d6a1b,public,60be53b0b7b6f7004cadcc69
121,60bf87b14892ca004c9d41fd,jy626ozp6pobdxrrr7b7li4rf64ewps6l2nwnq06ny754tuhjqfehgm8hi2so4hg,60be2d9d6a90b5004d9d6a1b,public,60be53b0b7b6f7004cadcc69
122,60bf87b14892ca004c9d41fe,c2js3fne8uikorqcl6qrht3tll5ejz7ueyowmyw7oezxi6ofz8xj9pypl2zgyi7k,60be2d9d6a90b5004d9d6a1b,public,60be53b0b7b6f7004cadcc69
123,60bf87b14892ca004c9d41ff,35fvfnqpi35gdput5f4vrdqpka034urzrkv3pnkah1i58d7jaoes6vp87z7qc48l,60be2d9d6a90b5004d9d6a1b,public,60be53b0b7b6f7004cadcc69
124,60bf87b14892ca004c9d4200,oc1hzu5xh89vutumuez5ui2eaaz5d2s7cdu3gensgcxlzue1w7c3lukuh5dk7zaa,60be2d9d6a90b5004d9d6a19,public,60be53b0b7b6f7004cadcc6a
125,60bf87b14892ca004c9d4201,2vk8934a2x9r6c5s2vtw6k901u98g6otnncpexsbmfo7uilxkb7jr0y3sfxbfbho,60be2d9d6a90b5004d9d6a1b,public,60be53b0b7b6f7004cadcc6a
126,60bf87b14892ca004c9d4202,5d56i4skr7v5g3949n04l9yjkvos64z8acnucnq0l2q8qi95iic354wtf1lb8bv5,60be2d9d6a90b5004d9d6a1b,public,60be53b0b7b6f7004cadcc6a
127,60bf87b14892ca004c9d4203,5u4gr1qiap7afp5bpz0wykv3zk3wt115qin05pyzr3ls6x39o9nm8f08onjwxzw2,60be2d9d6a90b5004d9d6a1b,public,60be53b0b7b6f7004cadcc6a
128,60bf87b14892ca004c9d4204,qx6vgui4dcpe91092tp08zwhllomss8xadd8wo1d5g6xm7r365h84wgynzkeet49,60be2d9d6a90b5004d9d6a1b,public,60be53b0b7b6f7004cadcc6a
129,60bf87b14892ca004c9d4205,own0erxprvuvoyv6bmmuch2g9vusjfp3gw0gu0qfe9r69759a523dyh7a50su1ol,60be2d9d6a90b5004d9d6a1a,public,60be53b0b7b6f7004cadcc6b
130,60bf87b14892ca004c9d4206,agc5n3wfefmljaxud0g8bi7l61r3vt508m2sxm21k66vuwxe76jpkuxk5pg6jnx8,60be2d9d6a90b5004d9d6a1a,public,60be53b0b7b6f7004cadcc6b
131,60bf87b14892ca004c9d4207,4swcypcg0bhxh7kmi77wy22pudnbmf9qov8bva842l4rxys1qludpadq3bgo6pod,60be2d9d6a90b5004d9d6a1a,public,60be53b0b7b6f7004cadcc6b
132,60bf87b14892ca004c9d4208,drl8ki4iwny6k4xgritm6ulsq35g1kpw7ziytzef9708rtxjr8et1cv4bt6gleo1,60be2d9d6a90b5004d9d6a1a,public,60be53b0b7b6f7004cadcc6b
133,60bf87b14892ca004c9d4209,4g1f02zvaluye1hr0ytxqxkirdn4o9qg8iz89m4vj1q5t1q4dme1xbb7hvscyrgh,60be2d9d6a90b5004d9d6a1a,public,60be53b0b7b6f7004cadcc6b
134,60bf87b14892ca004c9d420a,vc6b5rog7n2u9jf0inks7wosgzyt8aa336340tpbmtaa0xlh5m23vyd3vh24ktps,60be2d9d6a90b5004d9d6a19,public,60be53b0b7b6f7004cadcc6c
135,60bf87b14892ca004c9d420b,c67m7t68do0s9ijzr3ox8or0piwm58jlg87h7e7kqffsohupvqylybm2kk7as7xc,60be2d9d6a90b5004d9d6a1b,unpublic,60be53b0b7b6f7004cadcc6c
136,60bf87b14892ca004c9d420c,tabxbnlfdsfjuo7a968x9kh6duvaxipb3v7fb9l74r8tggee9tqz9ew2w5810v4x,60be2d9d6a90b5004d9d6a1b,unpublic,60be53b0b7b6f7004cadcc6c
137,60bf87b14892ca004c9d420d,evrnwakpcy6wlhufa30g45a6cqdhv9kdld1nf6u6h85nirkfttr7pu3u7k9mdyq0,60be2d9d6a90b5004d9d6a1b,unpublic,60be53b0b7b6f7004cadcc6c
138,60bf87b14892ca004c9d420e,xlly78wws0t9vw8pld2vxte88wm4v0w8pm35s3dp21eh1i0tin0p02s49ghbp0yh,60be2d9d6a90b5004d9d6a1b,unpublic,60be53b0b7b6f7004cadcc6c
139,60bf87b14892ca004c9d420f,2u4idiy31n7zsoqkayaxv4mjewpn4gw37uaonvioxlje0638vqgr42yz3bxpens7,60be2d9d6a90b5004d9d6a1b,public,60be53b0b7b6f7004cadcc6d
140,60bf87b14892ca004c9d4210,wp9u2civsymb1z5ghhatfzed32gtau25lrx9vqavfdi3qdwft4ad93br1wgimr4q,60be2d9d6a90b5004d9d6a1b,public,60be53b0b7b6f7004cadcc6e
141,60bf87b14892ca004c9d4211,2l839gv98wtispkxotuzvtbzt34xhtaj8htvjygbjnfyyirfgjhxj3epqy1gjvxc,60be2d9d6a90b5004d9d6a1b,public,60be53b0b7b6f7004cadcc6f
142,60bf87b14892ca004c9d4212,z6i3nl46j5jqnojeyicxge53beftnef1l5j3a0z0rlnxdh9cjqorzzdxz65rvz8f,60be2d9d6a90b5004d9d6a1b,public,60be53b0b7b6f7004cadcc70
143,60bf87b14892ca004c9d4213,qasrkk6sujamaom39hat3un39blkohjvui6uyacqvmtu82z9itwn1jjc52g9383g,60be2d9d6a90b5004d9d6a1b,public,60be53b0b7b6f7004cadcc70
144,60bf87b14892ca004c9d4214,4g2whtue1mkqozbn7so1oo8zvwsvg865vcyrvqh1vlr84xv41dxm4q2543qlsyrv,60be2d9d6a90b5004d9d6a1b,public,60be53b0b7b6f7004cadcc70
145,60bf87b14892ca004c9d4215,z0ingcjhl4qfqzz4zm64pgyqexbpa7iwkdyd2xu5by2109kwp8dyxe5rf423irm3,60be2d9d6a90b5004d9d6a1b,public,60be53b0b7b6f7004cadcc70
146,60bf87b14892ca004c9d4216,lepeyqyr32tcxkqwg32r0rdcu3r8v065ylxd4dw1tg4ipeevi20uok4mm1q81ps7,60be2d9d6a90b5004d9d6a1b,public,60be53b0b7b6f7004cadcc70
147,60bf87b14892ca004c9d4217,5dcqtmxds7ekru612pba6rz51iriwt9te1rpctgdih9dotclry10pqi0r70tu1vd,60be2d9d6a90b5004d9d6a1b,public,60be53b0b7b6f7004cadcc71
148,60bf87b14892ca004c9d4218,bplecrkkx15dexalv160f35tzmt4l3765rdi8ojo6aiulx8tdsmg1hvqlaxhjk0u,60be2d9d6a90b5004d9d6a1b,public,60be53b0b7b6f7004cadcc71
149,60bf87b14892ca004c9d4219,8dp9432udd2qe71h8jfcgnr9zezb3pfb34nrawqqgz73ftg6vdedoy87i0yoppeu,60be2d9d6a90b5004d9d6a1b,public,60be53b0b7b6f7004cadcc71
150,60bf87b14892ca004c9d421a,zcsmi2yedcafgml0bfi7ivpe3rap6ay9doyqtniy8wz2ekgpyy0kds4ymuwlvhk0,60be2d9d6a90b5004d9d6a1b,public,60be53b0b7b6f7004cadcc71
151,60bf87b14892ca004c9d421b,3bmnk59xfk3l4i7w6ky0y3a7mvwydfnmei3u7tab29z5e35cxbsnbqapz4hkmol9,60be2d9d6a90b5004d9d6a1b,public,60be53b0b7b6f7004cadcc71
152,60bf87b14892ca004c9d421c,zlbjm9i9v30yex268xjpkuyfut1g2127vr7stndmxqydrya6fivvzn5fuse8qiop,60be2d9d6a90b5004d9d6a19,public,60be53b0b7b6f7004cadcc72
153,60bf87b14892ca004c9d421d,4tuk7w8cf03yfnmszhikk9jmkvqztva5qtvlilyjs0u0z5of6dy55s2cokoewhzz,60be2d9d6a90b5004d9d6a1b,unpublic,60be53b0b7b6f7004cadcc72
154,60bf87b14892ca004c9d421e,u2dx1jxhpx0n4heveg5ij6yyumnyctcvx80qix2xtmcowx3ejgl1n3xqepop76pb,60be2d9d6a90b5004d9d6a1b,unpublic,60be53b0b7b6f7004cadcc72
155,60bf87b14892ca004c9d421f,dlfmn2ec9wungi014umoehcnekh555dv0z1iucmbkv42f2q8c465mp9z8jmzw62l,60be2d9d6a90b5004d9d6a1b,unpublic,60be53b0b7b6f7004cadcc72
156,60bf87b14892ca004c9d4220,fgn7na867hz7uw3xu4xkc9ba9laouebptejlizgtngc9zbibmv3ffpeeb9sgz81c,60be2d9d6a90b5004d9d6a1b,unpublic,60be53b0b7b6f7004cadcc72
157,60bf87b14892ca004c9d4221,9flt7iul1of1jcwogm4uz44x7dma5l6zgz44ee8tfhn9ajdkiiy10lmd3itcl51s,60be2d9d6a90b5004d9d6a1b,public,60be53b0b7b6f7004cadcc73
158,60bf87b14892ca004c9d4222,x0oskd346l0fh8tb6jao2lum67dsa5qkiqcdfn6b03hejp58qh2nzdnn42f4yuna,60be2d9d6a90b5004d9d6a1b,public,60be53b0b7b6f7004cadcc74
159,60bf87b14892ca004c9d4223,zqu6o5ra92vevh8vzvzms70gz169va3rf3s59maybk16220boupm8lbhljrs52cn,60be2d9d6a90b5004d9d6a1b,public,60be53b0b7b6f7004cadcc75
160,60bf87b14892ca004c9d4224,1xx75eqgde568ujr8ua7jhqzho50r0e12exrmap86qhltrw6afnj30za7a50wjwb,60be2d9d6a90b5004d9d6a1b,public,60be53b0b7b6f7004cadcc76
161,60bf87b14892ca004c9d4225,nfqqruwg4qbcy37o1mhw8656yp2kb3cglrwxrr8m7z3jq5ang0ba36anxutdum03,60be2d9d6a90b5004d9d6a1b,public,60be53b0b7b6f7004cadcc76
162,60bf87b14892ca004c9d4226,f7wrmjwxmsjw9u0uqsftuk72sblq5scpg9i1fz35lrdd0ainq493besmy17p696p,60be2d9d6a90b5004d9d6a1b,public,60be53b0b7b6f7004cadcc76
163,60bf87b14892ca004c9d4227,h64hh8iv9k3mem7acq4tw0rvqola3mfqtekiers40si21gz20llo4u4bobvmlz71,60be2d9d6a90b5004d9d6a1b,public,60be53b0b7b6f7004cadcc76
164,60bf87b14892ca004c9d4228,c2qzpga0o0k7lxgxwo9xrbjw5lnu38wpo2o99ztel1g9qhqa2ccjp1dpb82uoap6,60be2d9d6a90b5004d9d6a1b,public,60be53b0b7b6f7004cadcc76
165,60bf87b14892ca004c9d4229,29qmqc597bpzbq1wymwbxm0lj3tl7a9yzma9iek9uf7s1wmj8j6ojqlcirgqe7u8,60be2d9d6a90b5004d9d6a1b,public,60be53b0b7b6f7004cadcc77
166,60bf87b14892ca004c9d422a,49t2j4et7p0edovtve0mh4j1znab6o7n8lznmnaxnc5m8mvp34e2j5paa12qeuex,60be2d9d6a90b5004d9d6a1b,public,60be53b0b7b6f7004cadcc77
167,60bf87b14892ca004c9d422b,k4mzfham22sa3vqdxhwln0jjh6du3453j9xrsbxk60tgq84eebqxr85e8ym4qivt,60be2d9d6a90b5004d9d6a1b,public,60be53b0b7b6f7004cadcc77
168,60bf87b14892ca004c9d422c,183del911zi5gt8jmipelb90tc08t1aasaowzgzjyihstu8qh38fvqpxg0a475qz,60be2d9d6a90b5004d9d6a1b,public,60be53b0b7b6f7004cadcc77
169,60bf87b14892ca004c9d422d,p7fuo4abe0xnguqeeiaz1d4vbtodqg0umk2ajw2e4hb4fpoc2c45hrm0qgetneu5,60be2d9d6a90b5004d9d6a1b,public,60be53b0b7b6f7004cadcc77
170,60bf87b14892ca004c9d422e,1d3yltko2yl32dh6flafjt2l5d3r3tswyyr33bpfhutesv69244vkkghlp2h7jm4,60be2d9d6a90b5004d9d6a19,public,60be53b0b7b6f7004cadcc78
171,60bf87b14892ca004c9d422f,07fthsvt8biugzt3fbffostp54435shlyt3ea0su61ckwvez5k0djl9ggv8cffas,60be2d9d6a90b5004d9d6a1b,public,60be53b0b7b6f7004cadcc78
172,60bf87b14892ca004c9d4230,7divecmerl84rzljki9ue572pn0ozzqw56cxdirafice9eqnnp3o5brt1oaswcru,60be2d9d6a90b5004d9d6a1b,public,60be53b0b7b6f7004cadcc78
173,60bf87b14892ca004c9d4231,62kucn4z05wwuacc1q3nq4lieyh0bvcjg5blyusj39zyuoit210yur6gg6w7ar7l,60be2d9d6a90b5004d9d6a1b,public,60be53b0b7b6f7004cadcc78
174,60bf87b14892ca004c9d4232,1ml8o52woskx4xe78y4uznbr25qrgymd5fkfaaso0wea1va4lx9beg74j0rmrbmf,60be2d9d6a90b5004d9d6a1b,public,60be53b0b7b6f7004cadcc78
175,60bf87b14892ca004c9d4233,jr96b8ol8036c097it2obbh37z1ljuy78fcl29ka98mv32cdzssulfr02vt2aosh,60be2d9d6a90b5004d9d6a19,public,60be53b0b7b6f7004cadcc79
176,60bf87b14892ca004c9d4234,rvjs0k93rnh8o7z0wvldgyfaesbd4bbrdbeq6qoaqto8dihrpdnmndi7q9rqgp7v,60be2d9d6a90b5004d9d6a1b,public,60be53b0b7b6f7004cadcc79
177,60bf87b14892ca004c9d4235,si54iijaunydefvj0p2fippck1uf1j8y9fh43e4y3lbbjuhxnnckgkwebrw83p3w,60be2d9d6a90b5004d9d6a1b,public,60be53b0b7b6f7004cadcc79
178,60bf87b14892ca004c9d4236,wcbkdikb8kmy0vzrhudv72a5z5ukeswvsygnm27anw6zja7x5p9cov5mfjq1nhfm,60be2d9d6a90b5004d9d6a1b,public,60be53b0b7b6f7004cadcc79
179,60bf87b14892ca004c9d4237,4d45gxm2kocz4s0db0latvfgd6i66buqvelm4kh5tluplx99oll4mtazuzuihch1,60be2d9d6a90b5004d9d6a1b,public,60be53b0b7b6f7004cadcc79
180,60bf87b14892ca004c9d4238,wxcocdet7p5wcqsrpy3n39jwj9n1bl5pwtrw3puma8xp510whbcsdcghs82opl6e,60be2d9d6a90b5004d9d6a1a,public,60be53b0b7b6f7004cadcc7a
181,60bf87b14892ca004c9d4239,uacbtuw1fwth0vkvllknim05ku348dmdf0j451z489faepxyhkvft4tw4pyn1eqi,60be2d9d6a90b5004d9d6a1a,public,60be53b0b7b6f7004cadcc7a
182,60bf87b14892ca004c9d423a,u4tpzpzqd4jo4gf0ggrceif5sonbz6770etc8p1vjvo6s9h63izq234ru9fhht3z,60be2d9d6a90b5004d9d6a1a,public,60be53b0b7b6f7004cadcc7a
183,60bf87b14892ca004c9d423c,qhamoe3znsw3piq8gdghg96lz89xs4ctdwf19ngth2pwh9g4dzx5d8653cr4bjy5,60be2d9d6a90b5004d9d6a1a,public,60be53b0b7b6f7004cadcc7a
184,60bf87b14892ca004c9d423b,on02rj4vdaqvg2yyk6t4lwvtzf7vf6p5cmbarde3akcih8yxajyiuynung9ak9i0,60be2d9d6a90b5004d9d6a1a,public,60be53b0b7b6f7004cadcc7a
185,60bf87b14892ca004c9d423d,xn30ilzjgtye549i61rohs1t3b6zfex38g3h5ui6v6u018ga0uoik9zaksmj89jm,60be2d9d6a90b5004d9d6a1a,public,60be53b0b7b6f7004cadcc7b
186,60bf87b14892ca004c9d423e,du1a25jqagcs302jtl28wk43kwtulgumun087pacjoxca3zt9b63svveej8f8w1w,60be2d9d6a90b5004d9d6a1a,public,60be53b0b7b6f7004cadcc7b
187,60bf87b14892ca004c9d423f,mhaedoujxvqs055nqeq2z643zi5y4kbbk75x7r8vxg2zqhpqizi4gx3uzgm9tloo,60be2d9d6a90b5004d9d6a1a,public,60be53b0b7b6f7004cadcc7b
188,60bf87b14892ca004c9d4240,o4o09pd3lzj68j0cwy2v56hiq6v7a2de9e8ha3sfm8z8ffxlf9y9vwhmgrmz5nt5,60be2d9d6a90b5004d9d6a1a,public,60be53b0b7b6f7004cadcc7b
189,60bf87b14892ca004c9d4241,v2bi9sgozt6w8k7849vkezu6lo77tgerk9lmbwejpnpe0h7huv1tktxsyopfk65h,60be2d9d6a90b5004d9d6a1a,public,60be53b0b7b6f7004cadcc7b
190,60bf87b14892ca004c9d4242,wg3oaymob65wcgznipm75wscot2ccfkv6upfteybf4842lgay9uaqzxvgmarqp5q,60be2d9d6a90b5004d9d6a19,public,60be53b0b7b6f7004cadcc7c
191,60bf87b14892ca004c9d4243,l3brllwm8lo791qeyvpbvg1x11x2al6wx0w2a62nois1rb5shdur6vrefy31lso0,60be2d9d6a90b5004d9d6a1b,unpublic,60be53b0b7b6f7004cadcc7c
192,60bf87b14892ca004c9d4244,tqnl1rjsvur8cmcnwgcfy8ut46fy43hm1nca0sn4k86dtrg04n1wtx7r657lweyc,60be2d9d6a90b5004d9d6a1b,unpublic,60be53b0b7b6f7004cadcc7c
193,60bf87b14892ca004c9d4245,i5hw2j200r33nhc9s64qo8xnp4vfh46eeig38awjt15wza65qkjfo326fpca0gvx,60be2d9d6a90b5004d9d6a1b,unpublic,60be53b0b7b6f7004cadcc7c
194,60bf87b14892ca004c9d4246,9p4y8ianvwb0ad5d8zpciaym2wu4otkay9ffjcuta51nuir5o8tdrt2on7k8ihgj,60be2d9d6a90b5004d9d6a1b,unpublic,60be53b0b7b6f7004cadcc7c
195,60bf87b14892ca004c9d4247,x825jwhnqux3wd4gprsw25fu6wwysyw147ue5at10yblf59ukzrypsa71xmjb3yi,60be2d9d6a90b5004d9d6a1b,public,60be53b0b7b6f7004cadcc7d
196,60bf87b14892ca004c9d4248,u7tbebpmq3639pw3v3onvvfl51xi7oaxo5zkop73yrir38dvkvvswbawh2ic5i3n,60be2d9d6a90b5004d9d6a1b,public,60be53b0b7b6f7004cadcc7e
197,60bf87b14892ca004c9d4249,xw03x9e6u3qval1oa019ajkca5feuiy34r4wl0tx73yjnd9soo9p9eijlbgqtcgn,60be2d9d6a90b5004d9d6a1b,public,60be53b0b7b6f7004cadcc7f
198,60bf87b14892ca004c9d424a,l9725y06amysqisbqe95n69vv8kwef91l4ysi8oomo1yg09kkltwkr881zhaxerb,60be2d9d6a90b5004d9d6a1b,public,60be53b0b7b6f7004cadcc80
199,60bf87b14892ca004c9d424b,cvrghtn7xehleaivwkwzaeuueiicugfsoqxq7kxwuo8x5jaaz6hvdnykcsu4u558,60be2d9d6a90b5004d9d6a1b,public,60be53b0b7b6f7004cadcc80
200,60bf87b14892ca004c9d424c,tsewma2l0w27rllt6mq7fwj3a0oo43vsgbuxzuap7mg26n8bhfqy98neaqhftdne,60be2d9d6a90b5004d9d6a1b,public,60be53b0b7b6f7004cadcc80
201,60bf87b14892ca004c9d424d,u24ly6zxthgp45r6jjwxhx3shuawbvvs0cwuqam5ltf8lm82rfuahis5mes5py5w,60be2d9d6a90b5004d9d6a1b,public,60be53b0b7b6f7004cadcc80
202,60bf87b14892ca004c9d424e,hnl88dpp56l5ropzqhwlvsh7lhdvyzrwhfkh9suu98ix9sljp1qesohtpyg31cjw,60be2d9d6a90b5004d9d6a1b,public,60be53b0b7b6f7004cadcc80
203,60bf87b14892ca004c9d424f,lueryxack0frp53zen7e70nnz36uni7cyxksqudznr65vt5xhkubhyjpscdz7z20,60be2d9d6a90b5004d9d6a1b,public,60be53b0b7b6f7004cadcc81
204,60bf87b14892ca004c9d4250,yyfmyf1qxlcl2og7besl8k9cig9nf88m17270k9ymq7k6gcpawvq3ehxf8j9m2js,60be2d9d6a90b5004d9d6a1b,public,60be53b0b7b6f7004cadcc81
205,60bf87b14892ca004c9d4251,8ci1tlqpq6prg7o8eokpm6m3yxlnlcm1gqqjxmlpvyi4sb4ufeav4ri3vhy5oi97,60be2d9d6a90b5004d9d6a1b,public,60be53b0b7b6f7004cadcc81
206,60bf87b14892ca004c9d4252,utarecpkj56zab2zg44cu8pafie09xafhe0tp01h6d07to4zilcrks456vm4vgo5,60be2d9d6a90b5004d9d6a1b,public,60be53b0b7b6f7004cadcc81
207,60bf87b14892ca004c9d4253,t6c6cop10lpaei55xtbxo5c0tfjsghufa7s8bkfagdvbtgkborafjsrolsjfyc5h,60be2d9d6a90b5004d9d6a1b,public,60be53b0b7b6f7004cadcc81
208,60bf87b14892ca004c9d4254,qv2pd8fwd5g76mq8pn9d4ctuutyabigiwt8i5v1emn87ilfhtojragc3xeecc3l8,60be2d9d6a90b5004d9d6a19,public,60be53b0b7b6f7004cadcc82
209,60bf87b14892ca004c9d4255,8bhkltoqwdhhcbhsms7pdv3s44ehv80jgbkx1gr58ccsxw16qhw3w1iwnc23z9vd,60be2d9d6a90b5004d9d6a1b,public,60be53b0b7b6f7004cadcc82
210,60bf87b14892ca004c9d4256,kjvf3y52dnplcdu6intprlbwgam9xierf8ghqv9y9caq6nc7tx51fucq1l2tmv2d,60be2d9d6a90b5004d9d6a1b,public,60be53b0b7b6f7004cadcc82
211,60bf87b14892ca004c9d4257,w717vphpi442qpgzpk3toecvn46bl6u2cunldi76khxp8bcye97na6smp47h3j7m,60be2d9d6a90b5004d9d6a1b,public,60be53b0b7b6f7004cadcc82
212,60bf87b14892ca004c9d4258,5crxwaxl8acct22rp33u16c5rjf50qhvm75evt8nez7behxchoon1av9zyjvi5ek,60be2d9d6a90b5004d9d6a1b,public,60be53b0b7b6f7004cadcc82
213,60bf87b14892ca004c9d4259,zs8esukcigcx1ga1lfzkoerqujzbcxpk2ce3jeyntx80z66mjwo45lxkec9qnwog,60be2d9d6a90b5004d9d6a1a,public,60be53b0b7b6f7004cadcc83
214,60bf87b14892ca004c9d425a,bvy1v4qy35hhrshzihjcjkqnwcliuzmv0tkquv2aunqqfeebquagljduq3e4ezt1,60be2d9d6a90b5004d9d6a1a,public,60be53b0b7b6f7004cadcc83
215,60bf87b14892ca004c9d425b,6eus4vzslt0hct7jb5donjkanfspvjx8u5lr9qbn6au29tgp4kye7s4rlywij1tj,60be2d9d6a90b5004d9d6a1a,public,60be53b0b7b6f7004cadcc83
216,60bf87b14892ca004c9d425c,5l302pnebvtq82s2vbpwn4ovkrbbs8iqzi747lrev1j6pkumwr7j6515n276emlk,60be2d9d6a90b5004d9d6a1a,public,60be53b0b7b6f7004cadcc83
217,60bf87b14892ca004c9d425d,xdzxv31o4lvoz0botlby0qwmropnascfy13xtj069ofwh7hxwgc34igct9xun46n,60be2d9d6a90b5004d9d6a1a,public,60be53b0b7b6f7004cadcc83
218,60bf87b14892ca004c9d425e,5w87w7ra0kkj65bjhpyjuy08t3h8bpnmvdiuhpv4a3w8st095xzmvokd7dhd7zos,60be2d9d6a90b5004d9d6a1b,public,60be53b0b7b6f7004cadcc84
219,60bf87b14892ca004c9d425f,d0x8esl5eeo3mm2eyk06z7xcxgju2f2e68wursgvym0swd20timj5bkvx3r7s90u,60be2d9d6a90b5004d9d6a1b,public,60be53b0b7b6f7004cadcc85
220,60bf87b14892ca004c9d4260,zf9n6m812aqrpjhxz82xuabb98b6ekida86u1kr3baarh6wer73ewty876o3jjg3,60be2d9d6a90b5004d9d6a1b,public,60be53b0b7b6f7004cadcc86
221,60bf87b14892ca004c9d4261,s1j483ykamzcyjz7m4zpfh6cxc13mrzsxnq7mid1oqhplc019wprny26rsvo3bm6,60be2d9d6a90b5004d9d6a1b,public,60be53b0b7b6f7004cadcc87
222,60bf87b14892ca004c9d4262,b1jpo9mymj8o67b3cw5c9h45mwfcxf48olsmhn9uwk6066cov9sbcity6bvb27ie,60be2d9d6a90b5004d9d6a1b,public,60be53b0b7b6f7004cadcc87
223,60bf87b14892ca004c9d4263,d7ew05cwrnfkn50ntldgzwckywbrtwrvjgzf3xmp546sm5r33htjs418ajshgnq7,60be2d9d6a90b5004d9d6a1b,public,60be53b0b7b6f7004cadcc87
224,60bf87b14892ca004c9d4264,xknydta8j0auh6axrq3rewfer11pt6f1b6yeuqzzwgm31g7maixzsj2b8onem7s2,60be2d9d6a90b5004d9d6a1b,public,60be53b0b7b6f7004cadcc87
225,60bf87b14892ca004c9d4265,grmtamo9g8qb7z0kgt1srca0gltyaqxnr43tadf0nrd3h9omn20tgntegeiuiwq0,60be2d9d6a90b5004d9d6a1b,public,60be53b0b7b6f7004cadcc87
226,60bf87b14892ca004c9d4266,t0cg8pszrjy773xh4ta6i1082tz6elg0huqtjgfmfh80y2566xbehrtb8uk0y7v8,60be2d9d6a90b5004d9d6a1b,public,60be53b0b7b6f7004cadcc88
227,60bf87b14892ca004c9d4267,1tpvpvpjxr97rem7z6f5eiykv5yuwc7k4lp7qnqun365z6acdzfyjv00sc3a9y8x,60be2d9d6a90b5004d9d6a1b,public,60be53b0b7b6f7004cadcc88
228,60bf87b14892ca004c9d4268,y06chxit1g5qgirpg3noinajax1qx1eq02by8uwbhijucb38mbdoodwa9xt5xk1g,60be2d9d6a90b5004d9d6a1b,public,60be53b0b7b6f7004cadcc88
229,60bf87b14892ca004c9d4269,fung34huuy6i21dydjsryu6jpv8ekhr34t7fuzhntkha8lwk9t3p04j5zb8glkup,60be2d9d6a90b5004d9d6a1b,public,60be53b0b7b6f7004cadcc88
230,60bf87b14892ca004c9d426a,rhlimkpp7ogwfv9hiy5bql9u29frh1ni5eo3s1ibp115h1s28yhltp4n1grje3tx,60be2d9d6a90b5004d9d6a1b,public,60be53b0b7b6f7004cadcc88
231,60bf87b14892ca004c9d426b,v0pg06s1ah5xujpjmyhc1ec8oia204mt1c88hkj4qjxst88ixg5vtfeegadkjx02,60be2d9d6a90b5004d9d6a19,public,60be53b0b7b6f7004cadcc89
232,60bf87b14892ca004c9d426c,mkh3be6p9xz7qujop661i3oslfee7u48ln6ohq5h69v1rvslokd8v3o85qdsnpcl,60be2d9d6a90b5004d9d6a1b,public,60be53b0b7b6f7004cadcc89
233,60bf87b14892ca004c9d426d,j46i0uminhqmmoz6ycbv0eh4u8daikw2w64dvslduh9q0u7zd5vgkhxdo4ry7wi5,60be2d9d6a90b5004d9d6a1b,public,60be53b0b7b6f7004cadcc89
234,60bf87b14892ca004c9d426e,84nxew7booogujqjr4n80kvqkprsemaztbj6f3g9u4joyqu6ozgtoahorl5csipg,60be2d9d6a90b5004d9d6a1b,public,60be53b0b7b6f7004cadcc89
235,60bf87b14892ca004c9d426f,kpci6wy52146x3qt5t7022uocb71p4z74rssa3na3rryliigftld662d73m1uie2,60be2d9d6a90b5004d9d6a1b,public,60be53b0b7b6f7004cadcc89
236,60bf87b14892ca004c9d4270,e43jvsy1gh2a7qj3e3w3bj9fh3rx0id46ynp53ea8hl3x9k178lun5e2g7asi7fe,60be2d9d6a90b5004d9d6a1a,public,60be53b0b7b6f7004cadcc8a
237,60bf87b14892ca004c9d4271,j1u63z1k0dqtneoniin9py7kghsqz41iyd7er7fd19rstt8bxmk8magth5v05s1b,60be2d9d6a90b5004d9d6a1a,public,60be53b0b7b6f7004cadcc8a
238,60bf87b14892ca004c9d4272,33kghjedmioko96e4r3npkd8ltfh26mqtuox03p16cgexdorpte88hparkslfb7y,60be2d9d6a90b5004d9d6a1a,public,60be53b0b7b6f7004cadcc8a
239,60bf87b14892ca004c9d4273,2ze1wzaljadxu5d2ttg60rzyamyvc2vdff5wwd4ourbp3reowo9jpzb4wrzpdngv,60be2d9d6a90b5004d9d6a1a,public,60be53b0b7b6f7004cadcc8a
240,60bf87b14892ca004c9d4274,oewlz1232174uzyclfc75wcu5dsz8d45f7z4dx3c6elbjl0vicgqcem187hi47yw,60be2d9d6a90b5004d9d6a1a,public,60be53b0b7b6f7004cadcc8a
241,60bf87b14892ca004c9d4275,gw9rcafhapweq9hsdvzm4ch58gjzr2fdssm95zl40q8s8fk59ilenw7m84f85ujm,60be2d9d6a90b5004d9d6a19,public,60be53b0b7b6f7004cadcc8b
242,60bf87b14892ca004c9d4276,jbqopket0rdve9uia1atilikcxbgpvleia221rvszkedef1yjgj71zz3b7gpzchm,60be2d9d6a90b5004d9d6a1b,unpublic,60be53b0b7b6f7004cadcc8b
243,60bf87b14892ca004c9d4277,48r65tfl2z720l9d3rsjc5yp4955nclokikty8hw33a6as46mq7za8zx0d42oizu,60be2d9d6a90b5004d9d6a1b,unpublic,60be53b0b7b6f7004cadcc8b
244,60bf87b14892ca004c9d4278,gopnvkb1oalfo4zsh5298ow5fc4ty6qsr7apa8lvfe3wvpwmjb5qephlpuh8fmhl,60be2d9d6a90b5004d9d6a1b,unpublic,60be53b0b7b6f7004cadcc8b
245,60bf87b14892ca004c9d4279,9ld4ojqnfh9abntd2lub54gvkj2603hgvf4p1b2n9aizncz4atfv8hjl312piy6h,60be2d9d6a90b5004d9d6a1b,unpublic,60be53b0b7b6f7004cadcc8b
246,60bf87b14892ca004c9d427a,qq8oe811yuc28ax3i48z4q5t680caw4x0r9d1lxbzn1tvydjxvnyxnltquf4ggt7,60be2d9d6a90b5004d9d6a19,public,60be53b0b7b6f7004cadcc8c
247,60bf87b14892ca004c9d427b,1mssnfd3l4q8pu1l9hgwmhms5v8lnihp5uzjmaxtkxc71kz1krf6q969il5zu0ze,60be2d9d6a90b5004d9d6a1b,unpublic,60be53b0b7b6f7004cadcc8c
248,60bf87b14892ca004c9d427c,7sreefp64qqac1dbmv4f39vz3rnthae5myc29hr590ztr5sdmxysba059jk49jb0,60be2d9d6a90b5004d9d6a1b,unpublic,60be53b0b7b6f7004cadcc8c
249,60bf87b14892ca004c9d427d,hb4dgwmxbu758u8nrf5es4kr65183tjsbkq9th40nq2df5a5e9vlwv97i0jiaf3b,60be2d9d6a90b5004d9d6a1b,unpublic,60be53b0b7b6f7004cadcc8c
250,60bf87b14892ca004c9d427e,2u029ddt0tc2hibl15sm8fb9lq96peh6699jcg3w97094s02w55b3t5vl7vi267w,60be2d9d6a90b5004d9d6a1b,unpublic,60be53b0b7b6f7004cadcc8c
251,60bf87b14892ca004c9d427f,b3u9poona7ov9icjzq976ov95py3nh9kk2ov0ccw41fmkwhbo2c99ov7joehss5v,60be2d9d6a90b5004d9d6a1b,public,60be53b0b7b6f7004cadcc8d